,Rank,Name,Platform,Year,Genre,Publisher,NA_Sales,EU_Sales,Other_Sales,Global_Sales
0,8861,NHL 09,PS2,2008.0,Sports,Electronic Arts,0.07,0.06,0.02,0.15
1,16363,Shirahana no Ori: Hiiro no Kakera 4 - Shiki no Uta,PSP,2013.0,Adventure,Idea Factory,0.0,0.0,0.0,0.01
2,3476,Gex: Enter the Gecko,PS,1998.0,Platform,BMG Interactive Entertainment,0.32,0.22,0.04,0.58
3,7432,Deus Ex: The Conspiracy,PS2,2002.0,Action,Eidos Interactive,0.1,0.08,0.03,0.21
4,501,Call of Duty: Finest Hour,PS2,2004.0,Shooter,Activision,1.51,1.12,0.24,2.89
5,9013,Jurassic: The Hunted,PS2,2009.0,Shooter,Activision,0.07,0.06,0.02,0.14
6,12809,GRID,DS,,Racing,Codemasters,0.04,0.01,0.0,0.06
7,5868,Super Robot Taisen OG: Original Generations Gaiden,PS2,2007.0,Strategy,Banpresto,0.0,0.0,0.0,0.3
8,1880,BeatMania,PS,1998.0,Simulation,Konami Digital Entertainment,0.0,0.0,0.02,1.09
9,2976,Bakugan: Battle Brawlers,Wii,2009.0,Action,Activision,0.6,0.03,0.05,0.68
10,11319,Onimusha Tactics,GBA,2003.0,Strategy,Capcom,0.06,0.02,0.0,0.08
11,11984,Battlezone: Rise of the Black Dogs,N64,2000.0,Strategy,Crave Entertainment,0.06,0.01,0.0,0.07
12,8352,Sid Meier's Civilization IV,PC,2005.0,Strategy,Take-Two Interactive,0.02,0.12,0.03,0.17
13,410,Assassin's Creed Syndicate,PS4,2015.0,Action,Ubisoft,0.8,1.92,0.5,3.28
14,8280,Tamagotchi no Narikiri Challenge,DS,2010.0,Action,Namco Bandai Games,0.0,0.0,0.0,0.17
15,11451,Kaidan Restaurant: Ura Menu 100-Sen,DS,2010.0,Misc,Namco Bandai Games,0.0,0.0,0.0,0.08
16,3885,The 3rd Birthday,PSP,2010.0,Role-Playing,Square Enix,0.13,0.07,0.05,0.51
17,5233,James Bond 007: Legends,PS3,2012.0,Shooter,Activision,0.11,0.17,0.07,0.36
18,13301,Handball 16,PS3,2015.0,Sports,Bigben Interactive,0.0,0.04,0.01,0.05
19,16448,Wade Hixton's Counter Punch,GBA,2004.0,Sports,"Destination Software, Inc",0.01,0.0,0.0,0.01
20,14302,Men of War,PC,2009.0,Strategy,505 Games,0.01,0.02,0.01,0.03
21,9760,Voodoo Vince,XB,2003.0,Platform,Microsoft Game Studios,0.09,0.03,0.0,0.12
22,6320,G-Force,PS2,2009.0,Action,Disney Interactive Studios,0.12,0.01,0.14,0.27
23,5510,Custom Robo,N64,,Role-Playing,Nintendo,0.0,0.0,0.04,0.33
24,1189,Donkey Kong Classics,NES,1988.0,Platform,Nintendo,0.59,0.14,0.02,1.56
25,14367,F1 2002,GC,2002.0,Racing,Electronic Arts,0.02,0.01,0.0,0.03
26,1436,Marvel vs. Capcom 3: Fate of Two Worlds,PS3,2011.0,Fighting,Capcom,0.81,0.29,0.14,1.35
27,8354,Space Griffon VF-9,PS,1995.0,Role-Playing,Panther Software,0.02,0.02,0.01,0.17
28,13041,Starry ? Sky: In Spring,PSP,2010.0,Misc,Asgard,0.0,0.0,0.0,0.05
29,12597,Sacred 3,X360,2014.0,Role-Playing,Deep Silver,0.03,0.03,0.01,0.06
30,11652,Family Game Night 4: The Game Show,X360,2011.0,Misc,Electronic Arts,0.07,0.0,0.01,0.08
31,5035,Final Fantasy Adventure,GB,1991.0,Role-Playing,SquareSoft,0.0,0.0,0.0,0.38
32,12384,Power Shovel,PS,2000.0,Action,JVC,0.03,0.02,0.0,0.06
33,9760,Voodoo Vince,XB,2003.0,Platform,Microsoft Game Studios,0.09,0.03,0.0,0.12
34,155,Destiny,PS4,2014.0,Shooter,Activision,2.49,2.05,0.96,5.65
35,4358,Yu-Gi-Oh! Destiny Board Traveler,GBA,2004.0,Misc,Konami Digital Entertainment,0.32,0.12,0.01,0.45
36,2440,Blazing Angels: Squadrons of WWII,Wii,2007.0,Simulation,Ubisoft,0.74,0.04,0.06,0.85
37,1268,Disney Sing It: Pop Hits,Wii,2009.0,Misc,Disney Interactive Studios,1.08,0.28,0.13,1.49
38,7816,Majin and the Forsaken Kingdom,X360,2010.0,Adventure,Namco Bandai Games,0.14,0.03,0.01,0.19
39,11406,Ninjabread Man,Wii,2007.0,Action,Popcorn Arcade,0.07,0.0,0.01,0.08
40,8636,Eve: The Lost One,SAT,1998.0,Adventure,Imagineer,0.0,0.0,0.0,0.16
41,3302,Time Crisis 3,PS2,2003.0,Shooter,Namco Bandai Games,0.3,0.23,0.08,0.61
42,16,Kinect Adventures!,X360,2010.0,Misc,Microsoft Game Studios,14.97,4.94,1.67,21.82
43,6544,Dungeons & Dragons Heroes,XB,2003.0,Role-Playing,Atari,0.19,0.06,0.01,0.26
44,6573,Drakan: The Ancients' Gates,PS2,2002.0,Adventure,Sony Computer Entertainment,0.13,0.1,0.03,0.26
45,2047,Ninja Gaiden II,X360,2008.0,Action,Tecmo Koei,0.65,0.22,0.1,1.01
46,16582,PGA European Tour,N64,2000.0,Sports,Infogrames,0.01,0.0,0.0,0.01
47,12821,Hail to the Chimp,X360,2008.0,Misc,Gamecock,0.05,0.0,0.0,0.06
48,12751,Tom Clancy's Rainbow Six: Critical Hour,XB,,Shooter,Unknown,0.04,0.01,0.0,0.06
49,13997,Music Maker: Rockstar,PS2,2009.0,Misc,Magix,0.02,0.01,0.0,0.04
50,6953,NASCAR 08,PS2,2007.0,Racing,Electronic Arts,0.12,0.09,0.03,0.24
51,10276,My Little Sister Can't Be This Cute Portable,PSP,2012.0,Action,Namco Bandai Games,0.0,0.0,0.0,0.11
52,7517,Planet 51,Wii,2009.0,Action,Sega,0.17,0.02,0.02,0.2
53,14084,Hitman: Blood Money,PC,2006.0,Action,Eidos Interactive,0.0,0.03,0.01,0.04
54,7527,Mobile Suit Gundam: Crossfire,PS3,2006.0,Simulation,Namco Bandai Games,0.06,0.0,0.01,0.2
55,10311,Final Fantasy I & II,NES,1994.0,Role-Playing,Square,0.0,0.0,0.0,0.11
56,9350,Hisshou Pachinko*Pachi-Slot Kouryaku Series Vol. 1: CR Shinseiki Evangelion,PS2,2005.0,Misc,D3Publisher,0.0,0.0,0.0,0.13
57,9867,Medarot 4: Kabuto / Kuwagata Version,GB,2001.0,Role-Playing,Imagineer,0.0,0.0,0.0,0.12
58,9793,Yamakawa Shuppansha Kanshuu: Shousetsu Nihonshi B,DS,2007.0,Misc,Namco Bandai Games,0.0,0.0,0.0,0.12
59,1798,LEGO Star Wars: The Video Game,GBA,2005.0,Action,Eidos Interactive,0.82,0.3,0.02,1.14
60,10829,Taiko no Tatsujin: Don Don! Mystery Adventure,3DS,2016.0,Action,Namco Bandai Games,0.0,0.0,0.0,0.09
61,12252,Wings of War,XB,2004.0,Simulation,Take-Two Interactive,0.05,0.01,0.0,0.06
62,4421,The Thing,PS2,2002.0,Adventure,Vivendi Games,0.22,0.17,0.06,0.44
63,4223,Dance Dance Revolution: Mario Mix,GC,2005.0,Misc,Nintendo,0.36,0.09,0.01,0.47
64,11020,Obscure: The Aftermath,PSP,2009.0,Action,Playlogic Game Factory,0.05,0.03,0.02,0.09
65,7866,Quake,N64,1998.0,Shooter,GT Interactive,0.15,0.04,0.0,0.19
66,1346,NCAA Football 2003,PS2,2002.0,Sports,Electronic Arts,1.16,0.08,0.19,1.44
67,945,"Hey You, Pikachu!",N64,1998.0,Simulation,Nintendo,0.83,0.06,0.0,1.83
68,10550,Creeper World 3: Arc Eternal,Wii,2009.0,Strategy,Namco Bandai Games,0.0,0.0,0.0,0.1
69,14682,Schlag den Raab,PC,2010.0,Misc,Namco Bandai Games,0.0,0.02,0.01,0.03
70,8251,Dungeon Siege III,PC,2011.0,Role-Playing,Square Enix,0.08,0.08,0.02,0.17
71,13383,Crazy Chicken: Atlantis Quest,DS,2007.0,Platform,Phenomedia,0.04,0.0,0.0,0.05
72,13158,The History Channel: Great Battles - Medieval,PS3,,Strategy,Slitherine Software,0.0,0.04,0.01,0.05
73,3758,"Sakura Taisen 2 - Kimi, Shinitamou Koto Nakare",SAT,1998.0,Adventure,Sega,0.0,0.0,0.0,0.53
74,8264,NHL 2K9,X360,2008.0,Sports,Take-Two Interactive,0.15,0.01,0.01,0.17
75,15647,NHL 2K3,GC,2002.0,Sports,Sega,0.01,0.0,0.0,0.02
76,1924,Bully: Scholarship Edition,X360,2008.0,Action,Take-Two Interactive,0.53,0.4,0.11,1.07
77,2963,Assassin's Creed IV: Black Flag,PC,2013.0,Action,Ubisoft,0.22,0.38,0.1,0.69
78,5116,Madden NFL 11,PSP,2010.0,Sports,Electronic Arts,0.35,0.0,0.03,0.37
79,9695,Fire ProWrestling S: 6Men Scramble,SAT,1996.0,Fighting,Human Entertainment,0.0,0.0,0.0,0.12
80,848,LEGO Marvel Super Heroes,PS3,2013.0,Action,Warner Bros. Interactive Entertainment,0.77,0.85,0.37,2.0
81,5709,NBA ShootOut,PS,1995.0,Sports,Sony Computer Entertainment,0.17,0.12,0.02,0.31
82,12591,Broken Sword: The Shadow of the Templars,GBA,2002.0,Adventure,BAM! Entertainment,0.04,0.02,0.0,0.06
83,1297,Disney Princess: Magical Jewels,DS,2007.0,Adventure,Disney Interactive Studios,1.15,0.2,0.12,1.47
84,7843,SpongeBob's Surf & Skate Roadtrip,X360,2011.0,Action,THQ,0.15,0.03,0.01,0.19
85,2513,Street Fighter V,PS4,2016.0,Fighting,Capcom,0.35,0.26,0.13,0.82
86,15291,Military History: Commander - Europe at War,PSP,2009.0,Strategy,Slitherine Software,0.0,0.01,0.01,0.02
87,8135,Dynasty Warriors: Gundam 3,X360,2010.0,Action,Tecmo Koei,0.11,0.04,0.01,0.18
88,10405,Petz Fashion: Dogz & Catz,DS,2009.0,Simulation,Ubisoft,0.1,0.0,0.01,0.11
89,11367,ShellShock 2: Blood Trails,PS3,2009.0,Shooter,Eidos Interactive,0.04,0.03,0.01,0.08
90,5959,Imagine: Makeup Artist,DS,2020.0,Simulation,Ubisoft,0.27,0.0,0.02,0.29
91,142,Gears of War,X360,2006.0,Shooter,Microsoft Game Studios,3.54,1.9,0.6,6.11
92,4845,Rampage: Total Destruction,GC,2006.0,Action,Midway Games,0.31,0.08,0.01,0.4
93,2293,DJ Hero,PS3,2009.0,Misc,Activision,0.42,0.34,0.14,0.91
94,13603,NASCAR 07,XB,2006.0,Racing,Electronic Arts,0.03,0.01,0.0,0.04
95,7237,NBA Jam Extreme,PS,1996.0,Sports,Acclaim Entertainment,0.12,0.08,0.01,0.22
96,8600,The Crew,PC,2014.0,Racing,Ubisoft,0.0,0.15,0.01,0.16
97,11736,Backyard NBA Basketball,DS,2007.0,Sports,Atari,0.07,0.0,0.01,0.07
98,16430,Virtua Quest,GC,,Role-Playing,Unknown,0.01,0.0,0.0,0.01
99,15037,PDC World Championship Darts: Pro Tour,X360,2010.0,Sports,O-Games,0.0,0.02,0.0,0.02
100,14030,World in Conflict: Complete Edition,PC,2009.0,Strategy,Ubisoft,0.0,0.03,0.01,0.04
101,11077,Samurai Warriors 4: Empires,PS4,2015.0,Action,Tecmo Koei,0.02,0.01,0.01,0.09
102,6949,Lunar Knights,DS,2006.0,Role-Playing,Konami Digital Entertainment,0.17,0.01,0.02,0.24
103,8893,Major League Baseball 2K13,PS3,2013.0,Sports,Take-Two Interactive,0.14,0.0,0.01,0.15
104,9809,Showdown: Legends of Wrestling,XB,2004.0,Fighting,Acclaim Entertainment,0.09,0.03,0.0,0.12
105,12643,The History Channel: Battle for the Pacific,X360,2007.0,Shooter,Activision,0.05,0.0,0.0,0.06
106,5624,The Biggest Loser,DS,2009.0,Sports,THQ,0.18,0.11,0.03,0.32
107,4344,NHL 2005,PS2,2004.0,Sports,Electronic Arts,0.22,0.17,0.06,0.45
108,14890,The Peanuts Movie: Snoopy's Grand Adventure,X360,2015.0,Action,Activision,0.0,0.02,0.0,0.03
109,1376,Metroid: Other M,Wii,2010.0,Action,Nintendo,0.87,0.31,0.1,1.41
110,2320,Fossil Fighters,DS,2008.0,Role-Playing,Nintendo,0.84,0.0,0.06,0.9
111,15586,Bomberman 2,DS,2008.0,Puzzle,Hudson Soft,0.0,0.01,0.0,0.02
112,138,World of Warcraft,PC,2004.0,Role-Playing,Activision,0.07,6.21,0.0,6.28
113,10393,BlazBlue: Chrono Phantasma,PSV,2014.0,Fighting,Arc System Works,0.06,0.0,0.02,0.11
114,14719,Pro Cast Sports Fishing,XB,2003.0,Sports,Capcom,0.02,0.01,0.0,0.03
115,11260,Chameleon,PSP,2006.0,Puzzle,505 Games,0.07,0.0,0.01,0.08
116,6507,The Elder Scrolls IV: Oblivion,PC,2006.0,Role-Playing,Take-Two Interactive,0.01,0.2,0.05,0.26
117,11087,Remington Super Slam Hunting: Alaska,Wii,2011.0,Sports,Mastiff,0.08,0.0,0.01,0.09
118,14799,Guild Wars,PC,2005.0,Role-Playing,NCSoft,0.02,0.0,0.0,0.03
119,4750,Buzz! Junior: Jungle Party,PS2,2006.0,Misc,Sony Computer Entertainment,0.2,0.16,0.05,0.41
120,11105,Mad Dog McCree: Gunslinger Pack,Wii,2009.0,Shooter,Majesco Entertainment,0.08,0.0,0.01,0.09
121,2985,Rayman Legends,WiiU,2013.0,Platform,Ubisoft,0.26,0.33,0.06,0.68
122,1500,LEGO Batman: The Videogame,PSP,,Action,Warner Bros. Interactive Entertainment,0.57,0.46,0.28,1.32
123,9517,Backyard Sports Football: Rookie Rush,Wii,2010.0,Sports,Atari,0.12,0.0,0.01,0.13
124,9067,Record of Agarest War 2,PS3,2010.0,Role-Playing,Compile Heart,0.09,0.0,0.01,0.14
125,15829,Exhibition Volume 6,XB,2004.0,Misc,Microsoft Game Studios,0.01,0.0,0.0,0.02
126,15928,Professional Farmer 2016,PS4,2015.0,Action,Namco Bandai Games,0.0,0.01,0.0,0.02
127,14288,Disney's Hide & Sneak,GC,2003.0,Action,Capcom,0.03,0.01,0.0,0.03
128,6297,Pac-Pix,DS,2005.0,Puzzle,Namco Bandai Games,0.16,0.0,0.01,0.27
129,14851,My DoItAll,DS,2009.0,Misc,Tomy Corporation,0.02,0.0,0.0,0.03
130,3262,FIFA Soccer,PSV,2012.0,Sports,Electronic Arts,0.17,0.34,0.09,0.62
131,4240,Rygar: The Legendary Adventure,PS2,2002.0,Action,Wanadoo,0.2,0.15,0.05,0.46
132,4471,Super Breakout,2600,,Puzzle,Atari,0.41,0.03,0.0,0.44
133,15061,Zero no Tsukaima: Shou-akuma to Harukaze no Concerto,PS2,2007.0,Adventure,Marvelous Interactive,0.0,0.0,0.0,0.02
134,4751,Mortal Kombat: Deadly Alliance,GC,2002.0,Fighting,Midway Games,0.31,0.08,0.01,0.41
135,5989,WinBack: Covert Operations,PS2,2000.0,Shooter,Midas Interactive Entertainment,0.14,0.11,0.04,0.29
136,1059,SOCOM 3: U.S. Navy SEALs,PS2,2005.0,Shooter,Sony Computer Entertainment,1.22,0.34,0.1,1.69
137,5759,Bass Hunter 64,N64,1999.0,Sports,Take-Two Interactive,0.25,0.06,0.0,0.31
138,14554,Let's Dance with Mel B,PS3,2011.0,Sports,Black Bean Games,0.0,0.02,0.01,0.03
139,3378,Disney Infinity 2.0: Marvel Super Heroes,PS4,2014.0,Action,Disney Interactive Studios,0.26,0.24,0.1,0.6
140,15145,428: Fuusa Sareta Shibuya de,PS3,2009.0,Adventure,Spike,0.0,0.0,0.0,0.02
141,15322,Wakeboarding Unleashed Featuring Shaun Murray,GBA,2003.0,Sports,Aspyr,0.01,0.01,0.0,0.02
142,16497,Legends of Oz: Dorothy's Return,3DS,2014.0,Puzzle,,0.0,0.01,0.0,0.01
143,16091,Hiiro no Kakera: Shin Tamayori Hime Denshou,PS2,2009.0,Adventure,Idea Factory,0.0,0.0,0.0,0.01
144,11966,Silent Hill: Origins,PS2,2008.0,Action,Konami Digital Entertainment,0.03,0.03,0.01,0.07
145,13207,SD Gundam: Scad Hammers,Wii,2006.0,Strategy,Namco Bandai Games,0.0,0.0,0.0,0.05
146,12283,Disney's Magical Quest 2 Starring Mickey and Minnie,GBA,2003.0,Action,Capcom,0.05,0.02,0.0,0.06
147,7929,Daigasso! Band Brothers,DS,2004.0,Misc,Nintendo,0.0,0.0,0.0,0.19
148,9415,Jikkyou Powerful Pro Yakyuu 2011 Ketteiban,PSP,2011.0,Sports,Konami Digital Entertainment,0.0,0.0,0.0,0.13
149,6564,Dora the Explorer: Game Boy Advance Video Volume 1,GBA,2004.0,Misc,,0.18,0.07,0.0,0.26
150,15207,Turbo: Super Stunt Squad,PS3,2013.0,Sports,D3Publisher,0.0,0.02,0.0,0.02
151,8141,Chuck E. Cheese's Party Games,DS,2010.0,Misc,UFO Interactive,0.17,0.0,0.01,0.18
152,6042,Disney Infinity,3DS,2013.0,Action,Disney Interactive Studios,0.16,0.1,0.02,0.29
153,5847,Burnout,GC,2002.0,Racing,Acclaim Entertainment,0.23,0.06,0.01,0.3
154,14619,New Tokyo Legacy: Operation Babel,PSV,2015.0,Role-Playing,5pb,0.0,0.0,0.0,0.03
155,7598,Body and Brain Connection,X360,2010.0,Misc,Namco Bandai Games,0.1,0.08,0.02,0.2
156,16325,Binary Star,PSV,2014.0,Adventure,Idea Factory,0.0,0.0,0.0,0.01
157,15891,Worldwide Soccer Manager 2006,PC,2004.0,Sports,Sega,0.0,0.01,0.0,0.02
158,10690,Petz Hamsterz Superstarz,DS,2009.0,Simulation,Ubisoft,0.09,0.0,0.01,0.1
159,5731,Homefront: The Revolution,PS4,2016.0,Shooter,Deep Silver,0.05,0.19,0.04,0.31
160,7758,Petz Pony: Beauty Pageant,DS,2009.0,Simulation,Ubisoft,0.18,0.0,0.01,0.19
161,5302,Hannah Montana: The Movie,Wii,2009.0,Adventure,Disney Interactive Studios,0.13,0.18,0.04,0.35
162,550,L.A. Noire,X360,2011.0,Adventure,Take-Two Interactive,1.52,0.94,0.24,2.72
163,8298,Backyard Baseball '10,PS2,2009.0,Sports,Atari,0.08,0.07,0.02,0.17
164,15147,Overlord,PC,2007.0,Strategy,Codemasters,0.0,0.02,0.0,0.02
165,12510,Penny Racers,N64,1998.0,Racing,THQ,0.05,0.01,0.0,0.06
166,5995,NBA Live 06,X360,2005.0,Sports,Electronic Arts,0.27,0.0,0.02,0.29
167,14669,Ride,PC,2015.0,Racing,Milestone S.r.l.,0.0,0.03,0.0,0.03
168,2268,MLB 12: The Show,PS3,2012.0,Sports,Sony Computer Entertainment,0.86,0.0,0.06,0.92
169,14209,Crazy Chicken: Star Karts,DS,2008.0,Racing,Phenomedia,0.03,0.0,0.0,0.03
170,7217,Imagine: Boutique Owner,DS,2009.0,Simulation,Ubisoft,0.2,0.0,0.02,0.22
171,11203,Knights in the Nightmare,PSP,2010.0,Role-Playing,Atlus,0.06,0.0,0.01,0.09
172,7392,Champion Jockey: G1 Jockey & Gallop Racer,PS3,2011.0,Sports,Tecmo Koei,0.06,0.05,0.02,0.21
173,15538,Ginga Fukei Densetsu: Sapphire,TG16,1995.0,Shooter,Hudson Soft,0.0,0.0,0.0,0.02
174,11414,10 Minute Solution,Wii,2010.0,Sports,Activision,0.06,0.01,0.01,0.08
175,6726,Yakuza Zero: The Place of Oath,PS3,2015.0,Action,Sega,0.0,0.0,0.0,0.25
176,3335,New Play Control! Pikmin 2,Wii,2009.0,Strategy,Nintendo,0.11,0.14,0.02,0.6
177,204,Super Smash Bros. for Wii U and 3DS,WiiU,2014.0,Fighting,Nintendo,2.59,1.06,0.57,5.02
178,1756,Test Drive: Off Road,PS,1997.0,Racing,Eidos Interactive,0.65,0.44,0.08,1.16
179,3245,Wild ARMs 3,PS2,2002.0,Role-Playing,Ubisoft,0.16,0.13,0.04,0.62
180,1944,Darksiders,X360,2010.0,Action,THQ,0.67,0.29,0.1,1.06
181,5033,Grandia Xtreme,PS2,2002.0,Role-Playing,Enix Corporation,0.07,0.05,0.02,0.38
182,3733,Rune Factory 2: A Fantasy Harvest Moon,DS,2008.0,Role-Playing,Rising Star Games,0.33,0.03,0.03,0.54
183,8755,Metal Gear Solid V: Ground Zeroes,X360,2014.0,Action,Konami Digital Entertainment,0.07,0.06,0.01,0.15
184,524,Imagine: Fashion Designer,DS,2007.0,Simulation,Ubisoft,1.32,1.19,0.3,2.81
185,13228,Downtown no Gaki no Tsukai Yaarahen de!! Zettai ni Tsukamatte Haikenai Gasu Kurobikari Land,3DS,2015.0,Action,Alchemist,0.0,0.0,0.0,0.05
186,13547,Go Go Ackman 3,SNES,1995.0,Platform,Banpresto,0.0,0.0,0.0,0.04
187,3529,Petz Wild Animals: Tigerz,DS,2008.0,Simulation,Ubisoft,0.52,0.01,0.04,0.57
188,9003,Deception IV: Blood Ties,PSV,2014.0,Action,Tecmo Koei,0.03,0.03,0.02,0.14
189,5250,Harry Potter and the Chamber of Secrets,XB,2002.0,Action,Electronic Arts,0.27,0.08,0.01,0.36
190,14614,Race Driver 2006,PSP,2006.0,Racing,Codemasters,0.03,0.0,0.0,0.03
191,12874,Carve,XB,2004.0,Racing,Global Star,0.04,0.01,0.0,0.05
192,11740,Gale Racer,SAT,1994.0,Racing,Sega,0.0,0.0,0.0,0.07
193,2993,Doom (2016),XOne,2016.0,Shooter,Bethesda Softworks,0.39,0.23,0.06,0.68
194,15003,Wangan Midnight Portable,PSP,2007.0,Racing,Genki,0.0,0.0,0.0,0.02
195,15857,Germany's Next Topmodel 2011,DS,2011.0,Simulation,7G//AMES,0.0,0.01,0.0,0.02
196,10338,Victory Zone,PS,1995.0,Misc,Sony Computer Entertainment,0.0,0.0,0.01,0.11
197,3224,Sonic & All-Stars Racing Transformed,X360,2012.0,Racing,Sega,0.2,0.37,0.06,0.63
198,9967,de Blob 2,DS,2011.0,Platform,THQ,0.09,0.02,0.01,0.12
199,7910,Pet Zombies,3DS,,Simulation,Majesco Entertainment,0.18,0.0,0.01,0.19
200,14095,Castlevania Bloodlines,GEN,1994.0,Platform,Konami Digital Entertainment,0.0,0.0,0.0,0.04
201,14735,My Animal Centre,Wii,2009.0,Simulation,Deep Silver,0.0,0.02,0.0,0.03
202,13827,Castlevania: Lords of Shadow 2,PC,2014.0,Action,Konami Digital Entertainment,0.01,0.03,0.0,0.04
203,8241,Rapala Fishing Frenzy 2009,PS3,2008.0,Sports,Activision,0.16,0.0,0.01,0.17
204,7414,Monopoly,N64,1999.0,Misc,Hasbro Interactive,0.17,0.04,0.0,0.21
205,13671,WTF: Work Time Fun,PSP,2005.0,Puzzle,Sony Computer Entertainment,0.04,0.0,0.0,0.04
206,7908,Jewel Master: Cradle of Athena,DS,2010.0,Puzzle,Storm City Games,0.18,0.0,0.01,0.19
207,10717,Lord of Apocalypse,PSP,2011.0,Role-Playing,Square Enix,0.0,0.0,0.0,0.1
208,3033,Wild ARMs 2,PS,1999.0,Role-Playing,Sony Computer Entertainment,0.19,0.13,0.04,0.67
209,4101,Dark Sector,X360,2008.0,Shooter,D3Publisher,0.22,0.2,0.05,0.48
210,9105,Sumikko Gurashi: Omise Hajimerundesu,3DS,2015.0,Action,Nippon Columbia,0.0,0.0,0.0,0.14
211,3712,Minecraft: Story Mode,XOne,2015.0,Adventure,Mojang,0.29,0.21,0.05,0.54
212,16250,Ultraman Fighting Evolution 0,PSP,2006.0,Fighting,Banpresto,0.0,0.0,0.0,0.01
213,10310,Starsky & Hutch,GC,2003.0,Racing,BAM! Entertainment,0.08,0.02,0.0,0.11
214,14942,Serious Sam Advance,GBA,2004.0,Shooter,Global Star,0.02,0.01,0.0,0.02
215,11989,Mia Hamm Soccer 64,N64,2000.0,Sports,THQ,0.06,0.01,0.0,0.07
216,13808,Resident Evil: Revelations,PC,2013.0,Action,Capcom,0.0,0.03,0.01,0.04
217,12026,IA/VT Colorful,PSV,2015.0,Misc,Marvelous Entertainment,0.0,0.0,0.0,0.07
218,12789,The King of Fighters '96,NG,1996.0,Fighting,SNK,0.0,0.0,0.0,0.06
219,12722,Samurai Jack: The Shadow of Aku,PS2,2004.0,Action,Sega,0.03,0.02,0.01,0.06
220,15961,Drone Tactics,DS,2007.0,Strategy,Success,0.01,0.0,0.0,0.02
221,6212,Danganronpa Another Episode: Ultra Despair Girls,PSV,2014.0,Action,Nippon Ichi Software,0.1,0.03,0.04,0.28
222,4067,F1 2014,PS3,2014.0,Racing,Codemasters,0.07,0.31,0.08,0.49
223,7520,My Fitness Coach 2: Exercise and Nutrition,Wii,2009.0,Sports,Black Bean Games,0.14,0.04,0.02,0.2
224,899,Red Faction,PS2,2001.0,Shooter,THQ,0.76,0.96,0.2,1.92
225,6187,Backyard Wrestling 2: There Goes the Neighborhood,PS2,2004.0,Fighting,Eidos Interactive,0.14,0.11,0.04,0.28
226,1737,Destruction Derby 2,PS,1996.0,Racing,Psygnosis,0.65,0.44,0.08,1.17
227,6362,Rock Revolution,X360,2008.0,Misc,Konami Digital Entertainment,0.25,0.0,0.02,0.27
228,3190,F1 2013,PS3,2013.0,Racing,Codemasters,0.01,0.45,0.15,0.63
229,6925,Onechanbara Z2: Chaos,PS4,2014.0,Action,Nippon Ichi Software,0.13,0.02,0.04,0.24
230,6464,NCAA Gamebreaker,PS,1996.0,Sports,Sony Computer Entertainment,0.15,0.1,0.02,0.26
231,11169,Lego Star Wars: The Force Awakens,WiiU,2016.0,Action,Warner Bros. Interactive Entertainment,0.04,0.04,0.01,0.09
232,6668,Billy Hatcher and the Giant Egg,GC,2003.0,Platform,Sega,0.19,0.05,0.01,0.25
233,631,Final Fantasy Tactics,PS,1997.0,Role-Playing,SquareSoft,0.93,0.12,0.06,2.45
234,16094,Grooverider: Slot Car Thunder,XB,2003.0,Racing,Encore,0.01,0.0,0.0,0.01
235,2210,MVP Baseball 2005,XB,2005.0,Sports,Electronic Arts,0.7,0.2,0.03,0.94
236,4800,WipeOut 3 The Game,Wii,2012.0,Action,Activision,0.38,0.0,0.03,0.4
237,372,Resident Evil 5,X360,2009.0,Action,Capcom,2.11,0.94,0.34,3.51
238,14858,The King of Fighters: Maximum Impact - Maniax,XB,,Fighting,Unknown,0.02,0.01,0.0,0.03
239,5744,Armored Core: Silent Line,PS2,2003.0,Simulation,Agetec,0.07,0.06,0.02,0.31
240,1678,Ganbare Goemon! Karakuri Douchuu,NES,1986.0,Platform,Konami Digital Entertainment,0.0,0.0,0.0,1.2
241,5806,Fate/Extra,PSP,2010.0,Role-Playing,Marvelous Interactive,0.18,0.01,0.02,0.31
242,1233,The Simpsons Skateboarding,PS2,2002.0,Sports,Electronic Arts,0.36,0.9,0.27,1.52
243,4942,Blood Omen 2,PS2,2002.0,Action,Eidos Interactive,0.19,0.15,0.05,0.39
244,12407,A-Train: City Simulator,3DS,2014.0,Simulation,ArtDink,0.0,0.0,0.0,0.06
245,14339,Dragon's Dogma Online,PS3,2015.0,Role-Playing,Capcom,0.0,0.0,0.0,0.03
246,4009,PoPoLoCrois Monogatari,PS,1996.0,Role-Playing,Sony Computer Entertainment,0.0,0.0,0.03,0.5
247,9958,Tokyo Twilight Ghost Hunters,PSV,2014.0,Role-Playing,Aksys Games,0.06,0.01,0.02,0.12
248,667,Half-Life 2,PC,2004.0,Shooter,Vivendi Games,2.28,0.02,0.0,2.37
249,6021,Ys: Memories of Celceta,PSV,2012.0,Action,Nihon Falcom Corporation,0.15,0.01,0.04,0.29
250,8672,Monster House,DS,2006.0,Adventure,THQ,0.14,0.01,0.01,0.16
251,4825,Iron Man 2,PS3,2010.0,Action,Sega,0.14,0.19,0.07,0.4
252,2016,Sonic Unleashed,PS3,2008.0,Platform,Sega,0.56,0.33,0.14,1.03
253,10408,Child of Light,PSV,2014.0,Role-Playing,Ubisoft,0.0,0.07,0.02,0.11
254,1414,LEGO Indiana Jones: The Original Adventures,PS2,2008.0,Action,LucasArts,0.6,0.01,0.76,1.37
255,4125,Theme Park Roller Coaster,PS2,2000.0,Strategy,Electronic Arts,0.23,0.18,0.06,0.48
256,14786,Battlefield 2142,PC,2006.0,Shooter,Electronic Arts,0.0,0.02,0.0,0.03
257,4198,The Princess and the Frog,Wii,2009.0,Platform,Disney Interactive Studios,0.29,0.13,0.04,0.47
258,5588,Test Drive Unlimited,X360,2006.0,Racing,Atari,0.23,0.04,0.03,0.32
259,12348,Bubble Bobble also featuring Rainbow Islands,PS,1995.0,Puzzle,Acclaim Entertainment,0.04,0.02,0.0,0.06
260,2321,LittleBigPlanet Karting,PS3,2012.0,Action,Sony Computer Entertainment,0.42,0.32,0.15,0.9
261,9075,Cake Mania 3,DS,2009.0,Simulation,Majesco Entertainment,0.13,0.0,0.01,0.14
262,14358,DragonHeart: Fire & Steel,PS,1996.0,Action,Acclaim Entertainment,0.02,0.01,0.0,0.03
263,3830,Spectrobes: Beyond the Portals,DS,2008.0,Role-Playing,Disney Interactive Studios,0.37,0.11,0.04,0.52
264,618,Rockstar Games Double Pack: Grand Theft Auto III & Grand Theft Auto Vice City,XB,2003.0,Action,Take-Two Interactive,1.84,0.56,0.09,2.49
265,11046,Ratchet & Clank Future: Quest for Booty,PS3,2008.0,Platform,Sony Computer Entertainment,0.01,0.06,0.02,0.09
266,7233,Where's Waldo? The Fantastic Journey,DS,2009.0,Adventure,Ubisoft,0.2,0.0,0.02,0.22
267,3440,Top Spin 3,Wii,2008.0,Action,Take-Two Interactive,0.15,0.37,0.07,0.58
268,3765,Dragon's Crown,PS3,2013.0,Role-Playing,Nippon Ichi Software,0.25,0.07,0.05,0.53
269,7807,FaceBreaker,X360,2008.0,Fighting,Electronic Arts,0.15,0.02,0.02,0.19
270,13203,Power Spike Pro Beach Volleyball,PS,2000.0,Sports,Infogrames,0.03,0.02,0.0,0.05
271,9248,Shining Soul,GBA,2002.0,Role-Playing,Atari,0.03,0.01,0.0,0.14
272,9722,All Kamen Rider: Rider Generation,DS,2011.0,Action,Namco Bandai Games,0.0,0.0,0.0,0.12
273,15542,The Talos Principle,PS4,2015.0,Puzzle,Devolver Digital,0.0,0.02,0.0,0.02
274,5446,Fracture,X360,2008.0,Shooter,LucasArts,0.15,0.14,0.04,0.33
275,2299,MLB 2005,PS2,2004.0,Sports,Sony Computer Entertainment,0.44,0.35,0.12,0.9
276,15189,Yamasa Digi Portable: Matsuri no Tatsujin - Win-Chan no Natsumatsuri,PSP,2006.0,Misc,Yamasa Entertainment,0.0,0.0,0.0,0.02
277,13296,M&M's Adventure,DS,2008.0,Adventure,Zoo Digital Publishing,0.04,0.0,0.0,0.05
278,12887,Bleach: Blade Battlers,PS2,2006.0,Fighting,Sony Computer Entertainment,0.0,0.0,0.0,0.05
279,6346,NBA Jam 99,N64,1998.0,Sports,Acclaim Entertainment,0.25,0.02,0.0,0.27
280,14818,Renegade Racers,PS,1999.0,Racing,Interplay,0.01,0.01,0.0,0.03
281,15258,Sugoi Hebereke,SNES,1994.0,Fighting,Sunsoft,0.0,0.0,0.0,0.02
282,12066,My Horse & Me: Riding for Gold,DS,2008.0,Sports,Atari,0.05,0.01,0.01,0.07
283,8084,Pro Yaky? Spirits 2011,PS3,2011.0,Sports,Konami Digital Entertainment,0.0,0.0,0.0,0.18
284,12231,Pocky & Rocky with Becky,GBA,2001.0,Shooter,Altron,0.05,0.02,0.0,0.07
285,1299,Xenogears,PS,1998.0,Role-Playing,SquareSoft,0.29,0.19,0.1,1.46
286,16061,WRC: FIA World Rally Championship,PC,,Racing,Black Bean Games,0.0,0.01,0.0,0.01
287,15765,Uchi no 3 Shimai DS,DS,2008.0,Misc,Culture Brain,0.0,0.0,0.0,0.02
288,12402,Tecmo Classic Arcade,XB,2005.0,Misc,Microsoft Game Studios,0.05,0.01,0.0,0.06
289,3973,Babysitting Mama,Wii,2010.0,Simulation,505 Games,0.34,0.12,0.04,0.5
290,12997,Ultra Bust-A-Move,XB,2004.0,Puzzle,505 Games,0.04,0.01,0.0,0.05
291,6171,Carol Vorderman's Sudoku,PS2,2006.0,Puzzle,Xplosiv,0.0,0.23,0.05,0.28
292,5988,NBA Street V3,GC,2005.0,Sports,Electronic Arts,0.23,0.06,0.01,0.29
293,3436,FIFA Soccer 10,DS,2009.0,Sports,Electronic Arts,0.14,0.37,0.07,0.59
294,13653,Digimon Rumble Arena 2,GC,2004.0,Fighting,Atari,0.03,0.01,0.0,0.04
295,6194,Mega Man 7,SNES,1995.0,Platform,Laguna,0.03,0.01,0.01,0.28
296,11332,Chibi Maruko-Chan: Harikiri 365-Nichi no Maki,SNES,1991.0,Misc,Epoch,0.0,0.0,0.0,0.08
297,11347,Orega Kantoku Da! Gekitou Pennant Race,PS2,2000.0,Sports,Enix Corporation,0.0,0.0,0.0,0.08
298,9250,The Amazing Race,Wii,2010.0,Misc,Ubisoft,0.13,0.0,0.01,0.14
299,16438,Getsuei Gakuen: kou,PSV,2013.0,Adventure,Arc System Works,0.0,0.0,0.0,0.01
300,9317,Tiger Woods PGA Tour 2005,GC,2004.0,Sports,Electronic Arts,0.1,0.03,0.0,0.14
301,3266,SpongeBob's Atlantis SquarePantis,Wii,2007.0,Action,THQ,0.57,0.01,0.04,0.62
302,6805,Namco Tennis Smash Court,PS,1995.0,Sports,Sony Computer Entertainment,0.0,0.0,0.02,0.24
303,1820,Supercar Street Challenge,PS2,2001.0,Racing,Activision,0.55,0.43,0.14,1.12
304,489,Pac-Man Collection,GBA,2001.0,Puzzle,Atari,2.07,0.77,0.05,2.94
305,12934,Utawarerumono: Futari no Hakuoro,PSV,2016.0,Misc,Aqua Plus,0.0,0.0,0.0,0.05
306,6481,Nancy Drew: The Mystery of the Clue Bender Society,DS,2008.0,Adventure,Codemasters,0.24,0.0,0.02,0.26
307,15511,Hakuoki: Shinkai - Hana no Shou,PSV,2016.0,Adventure,Idea Factory,0.0,0.0,0.0,0.02
308,3470,NASCAR: Dirt to Daytona,PS2,,Racing,Unknown,0.28,0.22,0.07,0.58
309,1143,Gears of War: Judgment,X360,2013.0,Shooter,Microsoft Game Studios,0.92,0.53,0.13,1.61
310,13211,Adventure Time: Explore the Dungeon Because I Don't Know!,PS3,2013.0,Action,D3Publisher,0.02,0.02,0.01,0.05
311,11349,Nikoli's Pencil Puzzle,3DS,2011.0,Puzzle,Hudson Soft,0.05,0.03,0.01,0.08
312,15097,DiRT,PC,2007.0,Racing,Codemasters,0.0,0.02,0.0,0.02
313,15332,Hellgate: London,PC,2007.0,Role-Playing,Electronic Arts,0.0,0.02,0.0,0.02
314,815,Need for Speed: ProStreet,X360,2007.0,Racing,Electronic Arts,1.04,0.8,0.22,2.06
315,4359,SingStar Queen,PS3,2009.0,Misc,Sony Computer Entertainment,0.11,0.26,0.08,0.45
316,6486,Project Runway,Wii,2010.0,Simulation,Atari,0.24,0.0,0.02,0.26
317,6502,Ace Attorney Investigations 2,DS,2011.0,Adventure,Capcom,0.0,0.0,0.0,0.26
318,14342,My Pet Shop (JP sales),DS,2008.0,Simulation,Square Enix,0.0,0.0,0.0,0.03
319,6463,Beyblade: Metal Fusion,DS,2009.0,Role-Playing,Hudson Soft,0.08,0.03,0.01,0.26
320,14441,Bad Apple Wars,PSV,2015.0,Action,Idea Factory,0.0,0.0,0.0,0.03
321,2907,Infinite Undiscovery,X360,2008.0,Role-Playing,Square Enix,0.34,0.18,0.06,0.7
322,11463,Jimmie Johnson's Anything With an Engine,Wii,2011.0,Racing,Konami Digital Entertainment,0.07,0.0,0.01,0.08
323,735,Rock Band 2,X360,2008.0,Misc,Electronic Arts,1.78,0.24,0.18,2.2
324,14838,Kawasaki Snowmobiles,Wii,2008.0,Racing,Metro 3D,0.02,0.0,0.0,0.03
325,3996,Major League Baseball 2K12,X360,2012.0,Sports,Take-Two Interactive,0.47,0.0,0.03,0.5
326,1553,Castlevania: Symphony of the Night,PS,1997.0,Platform,Konami Digital Entertainment,0.58,0.4,0.08,1.27
327,7049,Luminous Arc 2,DS,2008.0,Role-Playing,Rising Star Games,0.21,0.0,0.02,0.23
328,6397,Initial D: Special Stage,PS2,2003.0,Racing,Sega,0.0,0.0,0.0,0.27
329,4627,Army Men: Sarge's Heroes 2,N64,2000.0,Shooter,3DO,0.34,0.07,0.0,0.42
330,13440,Activision Anthology,GBA,2003.0,Misc,Activision,0.03,0.01,0.0,0.05
331,9320,007: Quantum of Solace,DS,2008.0,Action,Activision,0.11,0.01,0.01,0.14
332,20,Brain Age: Train Your Brain in Minutes a Day,DS,2005.0,Misc,Nintendo,4.75,9.26,2.05,20.22
333,341,Midnight Club 3: DUB Edition,PSP,2005.0,Racing,Take-Two Interactive,1.65,1.22,0.79,3.66
334,4285,Skylanders: SuperChargers,X360,2015.0,Action,Activision,0.24,0.18,0.04,0.46
335,6635,Game of Thrones,PS3,2012.0,Role-Playing,Focus Home Interactive,0.1,0.11,0.04,0.25
336,1834,Mad Max (2015),PS4,2015.0,Action,Warner Bros. Interactive Entertainment,0.32,0.58,0.17,1.11
337,16104,Aeon Flux,XB,2005.0,Action,THQ,0.01,0.0,0.0,0.01
338,4197,Rise of Nightmares,X360,2011.0,Action,Sega,0.28,0.13,0.04,0.47
339,14867,Monster Hunter Frontier Online: Forward 2,X360,2011.0,Role-Playing,Capcom,0.0,0.0,0.0,0.03
340,14575,Hayate no Gotoku! Nightmare Paradise,PSP,2009.0,Adventure,Konami Digital Entertainment,0.0,0.0,0.0,0.03
341,10999,Demon Chaos,PS2,,Action,Konami Digital Entertainment,0.0,0.0,0.0,0.09
342,15777,Army Men: Major Malfunction,XB,2006.0,Shooter,Global Star,0.01,0.0,0.0,0.02
343,6858,NHRA Championship Drag Racing,PS2,2005.0,Racing,ValuSoft,0.12,0.09,0.03,0.24
344,13370,Mafia,PC,2002.0,Action,Take-Two Interactive,0.0,0.04,0.01,0.05
345,16211,Super Robot Monkey Team: Game Boy Advance Video Volume 1,GBA,2005.0,Misc,,0.01,0.0,0.0,0.01
346,351,Resident Evil 4,PS2,2005.0,Action,Capcom,2.08,0.83,0.25,3.62
347,6221,Sesame Street: Cookie's Counting Carnival,DS,2010.0,Misc,Warner Bros. Interactive Entertainment,0.26,0.0,0.02,0.28
348,1380,NASCAR 2005: Chase for the Cup,PS2,2004.0,Racing,Electronic Arts,0.69,0.54,0.18,1.41
349,3023,Spice World,PS,1998.0,Action,Sony Computer Entertainment,0.37,0.25,0.04,0.67
350,1566,Rockstar Games presents Table Tennis,Wii,2007.0,Sports,Take-Two Interactive,0.39,0.73,0.15,1.27
351,16533,SÃ©bastien Loeb Rally Evo,XOne,2016.0,Racing,Milestone S.r.l,0.0,0.01,0.0,0.01
352,16112,Paranormal Pursuit: The Gifted One,PC,2015.0,Action,Alawar Entertainment,0.0,0.01,0.0,0.01
353,3238,Nobunaga no Yabou: Haouden,SNES,1993.0,Strategy,Tecmo Koei,0.3,0.0,0.0,0.62
354,5463,Ape Escape Academy,PSP,2004.0,Misc,Sony Computer Entertainment,0.13,0.15,0.05,0.33
355,571,Tom Clancy's Splinter Cell,PS2,2003.0,Action,Ubisoft,1.15,1.11,0.4,2.65
356,10103,Fabulous Finds,DS,2009.0,Puzzle,ValuSoft,0.1,0.0,0.01,0.11
357,10454,Family Feud: 2012 Edition,X360,2011.0,Misc,Ubisoft,0.1,0.0,0.01,0.1
358,12843,Bombastic,PS2,2002.0,Puzzle,Capcom,0.03,0.02,0.01,0.05
359,13973,Galaxy Fight,SAT,1994.0,Fighting,Sunsoft,0.0,0.0,0.0,0.04
360,4812,Pet in TV,PS,1997.0,Strategy,Sony Computer Entertainment,0.0,0.0,0.03,0.4
361,10099,Cold Fear,PS2,2005.0,Action,Ubisoft,0.06,0.04,0.01,0.11
362,5413,Star Ocean: Second Evolution,PSP,2008.0,Role-Playing,Square Enix,0.14,0.02,0.02,0.34
363,7195,Rapala's Fishing Frenzy,Wii,2008.0,Sports,Activision,0.2,0.0,0.02,0.22
364,7083,The Italian Job,PS2,2003.0,Racing,Eidos Interactive,0.11,0.09,0.03,0.23
365,15569,TV Anime Idolm@ster: Cinderella Girls G4U! Pack Vol.8,PS3,2016.0,Misc,Namco Bandai Games,0.0,0.0,0.0,0.02
366,16399,San-X: Chara Sagashi Land,DS,2007.0,Action,MTO,0.0,0.0,0.0,0.01
367,1286,Tom Clancy's Splinter Cell: Pandora Tomorrow,XB,2004.0,Action,Ubisoft,0.82,0.59,0.07,1.48
368,7278,Wreckless: ThE YaKuza MisSiOns,PS2,2002.0,Racing,Activision,0.11,0.08,0.03,0.22
369,1913,Ready 2 Rumble Boxing,PS,1998.0,Sports,Midway Games,0.6,0.41,0.07,1.08
370,10993,Jikkyou Powerful Pro Yakyuu 14 Ketteiban,PS2,2007.0,Sports,Konami Digital Entertainment,0.0,0.0,0.0,0.09
371,11643,NHL Hitz 20-03,GC,2002.0,Sports,Midway Games,0.06,0.02,0.0,0.08
372,10165,Space Chimps,X360,2008.0,Platform,Brash Entertainment,0.1,0.0,0.01,0.11
373,2569,ABBA: You Can Dance,Wii,2011.0,Misc,Ubisoft,0.19,0.5,0.11,0.8
374,3976,Bleach: Soul Resurreccion,PS3,2011.0,Fighting,Nippon Ichi Software,0.27,0.11,0.05,0.5
375,9327,Queen's Gate: Spiral Chaos,PSP,2011.0,Role-Playing,Namco Bandai Games,0.0,0.0,0.0,0.14
376,9441,Soccer Tsuku DS: World Challenge 2010,DS,2010.0,Sports,Sega,0.0,0.0,0.0,0.13
377,6020,Ford Mustang: The Legend Lives,PS2,2005.0,Racing,Take-Two Interactive,0.14,0.11,0.04,0.29
378,12283,Disney's Magical Quest 2 Starring Mickey and Minnie,GBA,2003.0,Action,Capcom,0.05,0.02,0.0,0.06
379,5177,Kamaitachi no Yoru 2,PS2,2002.0,Adventure,ChunSoft,0.0,0.0,0.0,0.36
380,10025,Final Fantasy III,PSP,2012.0,Role-Playing,Square Enix,0.0,0.0,0.0,0.11
381,475,World Soccer Winning Eleven 6 International,PS2,2002.0,Sports,Konami Digital Entertainment,0.12,1.26,0.45,2.99
382,2706,Final Fantasy II,NES,1988.0,Role-Playing,SquareSoft,0.0,0.0,0.0,0.76
383,2983,NCAA Football 2005,XB,2004.0,Sports,Electronic Arts,0.63,0.02,0.03,0.68
384,1273,Banjo-Tooie,N64,2000.0,Platform,Nintendo,0.82,0.36,0.06,1.49
385,15464,AIR,PSP,2007.0,Adventure,Prototype,0.0,0.0,0.0,0.02
386,12677,MLB Power Pros 2008,DS,2008.0,Sports,Take-Two Interactive,0.05,0.0,0.0,0.06
387,7767,Dinotopia: The Timestone Pirates,GBA,2002.0,Action,TDK Core,0.14,0.05,0.0,0.19
388,11395,FIFA Soccer 2005,GBA,2004.0,Sports,Electronic Arts,0.06,0.02,0.0,0.08
389,9656,World Soccer Winning Eleven 2002,PS,2002.0,Sports,Konami Digital Entertainment,0.0,0.0,0.01,0.13
390,4797,NBA 2K10,PS2,2009.0,Sports,Take-Two Interactive,0.33,0.01,0.05,0.4
391,4429,Spawn: Armageddon,PS2,2003.0,Action,Electronic Arts,0.22,0.17,0.06,0.44
392,10512,Death By Degrees,PS2,2005.0,Action,Sony Computer Entertainment,0.05,0.04,0.01,0.1
393,12757,The Mysterious Case of Dr. Jekyll and Mr. Hyde,DS,2010.0,Adventure,O-Games,0.02,0.03,0.01,0.06
394,1277,New Play Control! Mario Power Tennis,Wii,2009.0,Sports,Nintendo,0.37,0.69,0.14,1.48
395,12953,Growlanser: Heritage of War (jp sales),PS2,2006.0,Role-Playing,Rising Star Games,0.0,0.0,0.0,0.05
396,1471,Skylanders SWAP Force,X360,2013.0,Platform,Activision,0.86,0.36,0.11,1.33
397,5278,SpongeBob's Boating Bash,Wii,2010.0,Misc,THQ,0.25,0.07,0.03,0.35
398,8853,Top Gun: Combat Zones,GC,2002.0,Simulation,Titus,0.12,0.03,0.0,0.15
399,14248,PowerSlave,PS,1996.0,Shooter,BMG Interactive Entertainment,0.02,0.01,0.0,0.03
400,3956,Alice: Madness Returns,X360,2011.0,Adventure,Electronic Arts,0.27,0.15,0.04,0.5
401,4929,SSX 3,XB,2003.0,Sports,Electronic Arts,0.29,0.08,0.01,0.39
402,9074,MTV Music Generator 3: This Is the Remix,PS2,2004.0,Misc,Codemasters,0.07,0.05,0.02,0.14
403,3270,WWE SmackDown vs. Raw 2010,PSP,2009.0,Fighting,THQ,0.25,0.23,0.14,0.62
404,3584,Wolfenstein,X360,2009.0,Shooter,Activision,0.28,0.22,0.06,0.56
405,7965,R-Type Final,PS2,2003.0,Shooter,Metro 3D,0.09,0.07,0.02,0.19
406,11062,Beowulf: The Game,PSP,2007.0,Action,Ubisoft,0.08,0.0,0.01,0.09
407,11368,Forbidden Siren 2,PS2,2006.0,Action,Sony Computer Entertainment,0.0,0.0,0.0,0.08
408,6764,Turning Point: Fall of Liberty,PS3,2008.0,Shooter,Codemasters,0.21,0.01,0.02,0.25
409,13258,Boing! Docomodake DS,DS,2007.0,Puzzle,Ignition Entertainment,0.04,0.0,0.0,0.05
410,15685,Kabushiki Baibai Trainer: Kabutore! Next,DS,2007.0,Simulation,Konami Digital Entertainment,0.0,0.0,0.0,0.02
411,11871,Winning Eleven Playmaker 2010: Aoki Samurai no Chousen,Wii,2010.0,Sports,Konami Digital Entertainment,0.0,0.0,0.0,0.07
412,15736,DJ Star,DS,2009.0,Misc,Deep Silver,0.01,0.0,0.0,0.02
413,6702,Caesars Palace II,PS,1998.0,Misc,Interplay,0.14,0.09,0.02,0.25
414,13075,Bakemonogatari Portable,PSP,2012.0,Action,Namco Bandai Games,0.0,0.0,0.0,0.05
415,16347,Cities: Skylines Snowfall,PC,2016.0,Simulation,Paradox Development,0.0,0.01,0.0,0.01
416,9110,Risen,PC,2009.0,Role-Playing,Deep Silver,0.0,0.11,0.03,0.14
417,116,Uncharted 3: Drake's Deception,PS3,2011.0,Action,Sony Computer Entertainment,2.77,2.8,1.06,6.83
418,5312,Need for Speed Carbon,GC,2006.0,Racing,Electronic Arts,0.27,0.07,0.01,0.35
419,3202,Iron Man,PSP,2008.0,Action,Sega,0.46,0.09,0.09,0.63
420,15333,Katekyoo Hitman Reborn! Dream Hyper Battle! Wii,Wii,2008.0,Fighting,Marvelous Interactive,0.0,0.0,0.0,0.02
421,16330,Inversion,PC,,Shooter,Namco Bandai Games,0.01,0.0,0.0,0.01
422,5189,Spider-Man: Shattered Dimensions,X360,2010.0,Action,Activision,0.24,0.09,0.03,0.36
423,16323,Tringo,GBA,2006.0,Puzzle,Liquid Games,0.01,0.0,0.0,0.01
424,13950,Big Mutha Truckers,GBA,2005.0,Racing,Zoo Digital Publishing,0.03,0.01,0.0,0.04
425,16358,Icewind Dale II,PC,2002.0,Role-Playing,Interplay,0.0,0.01,0.0,0.01
426,15760,Hurry Up Hedgehog!,DS,2009.0,Racing,O-Games,0.02,0.0,0.0,0.02
427,93,Star Wars Battlefront (2015),PS4,2015.0,Shooter,Electronic Arts,2.93,3.29,1.23,7.67
428,15747,Cross + Channel,PSP,2010.0,Adventure,CyberFront,0.0,0.0,0.0,0.02
429,4116,All-Star Baseball 99,N64,1998.0,Sports,Acclaim Entertainment,0.44,0.04,0.0,0.48
430,5777,Madagascar,DS,2005.0,Platform,Activision,0.25,0.04,0.03,0.31
431,7474,The Naked Brothers Band: The Video Game,Wii,2008.0,Misc,THQ,0.19,0.0,0.01,0.21
432,11166,Bionicle,GBA,2003.0,Action,THQ,0.06,0.02,0.0,0.09
433,1536,Guitar Hero: Aerosmith,Wii,2008.0,Misc,Activision,1.04,0.14,0.1,1.29
434,4666,Pirates of the Caribbean: At World's End,PS2,2007.0,Action,Disney Interactive Studios,0.2,0.16,0.05,0.42
435,796,NBA 2K11,X360,2010.0,Action,Take-Two Interactive,1.84,0.12,0.13,2.09
436,15416,Gakuen K: Wonderful School Days,PSP,2014.0,Adventure,Idea Factory,0.0,0.0,0.0,0.02
437,13979,Super Hero Generation,PSV,2014.0,Role-Playing,Namco Bandai Games,0.0,0.0,0.0,0.04
438,5485,Tak 2: The Staff of Dreams,GC,2004.0,Platform,THQ,0.26,0.07,0.01,0.33
439,8608,Scripps Spelling Bee,DS,2010.0,Simulation,THQ,0.15,0.0,0.01,0.16
440,15254,Painkiller,PC,2004.0,Shooter,DreamCatcher Interactive,0.0,0.02,0.0,0.02
441,5229,Worms: Open Warfare 2,DS,2007.0,Strategy,THQ,0.07,0.25,0.04,0.36
442,7842,Darkstalkers 3,PS,1998.0,Fighting,Capcom,0.11,0.07,0.01,0.19
443,11434,DanceDanceRevolution,X360,2011.0,Simulation,Konami Digital Entertainment,0.08,0.0,0.01,0.08
444,15779,Sansuu Puzzle de Migaku: Gakken Otona no Shikou Sense,DS,2007.0,Misc,Gakken,0.0,0.0,0.0,0.02
445,2883,Power Rangers: Dino Thunder,PS2,2004.0,Action,THQ,0.35,0.27,0.09,0.71
446,13869,Paddington: Adventures in London,3DS,2015.0,Puzzle,Koch Media,0.0,0.04,0.0,0.04
447,9086,Hero's Saga Laevatein Tactics,DS,2008.0,Role-Playing,GungHo,0.13,0.0,0.01,0.14
448,6466,NPPL: Championship Paintball 2009,PS2,2008.0,Shooter,Activision Value,0.13,0.1,0.03,0.26
449,6335,Fullmetal Alchemist 2: Curse of the Crimson Elixir,PS2,2004.0,Role-Playing,Square Enix,0.13,0.1,0.03,0.27
450,14937,Vampire Mansion: Linda Hyde,DS,2011.0,Adventure,Unknown,0.0,0.02,0.0,0.02
451,5228,Just Dance 2016,X360,2015.0,Misc,Ubisoft,0.23,0.1,0.03,0.36
452,2651,Need for Speed: ProStreet,PSP,2008.0,Racing,Electronic Arts,0.24,0.33,0.2,0.78
453,2938,MLB 08: The Show,PS3,2008.0,Sports,Sony Computer Entertainment,0.64,0.0,0.05,0.7
454,4331,Dead or Alive: Dimensions,3DS,2011.0,Fighting,Ubisoft Annecy,0.13,0.21,0.03,0.45
455,5130,Custom Robo,GC,2004.0,Role-Playing,Nintendo,0.29,0.07,0.01,0.37
456,2895,South Park,PS,1998.0,Shooter,Acclaim Entertainment,0.39,0.27,0.05,0.71
457,5156,Mini-Yonku GB: Let's & Go!!,GB,1997.0,Strategy,ASCII Entertainment,0.0,0.0,0.0,0.37
458,3987,Bases Loaded '96: Double Header,PS,1995.0,Sports,Jaleco,0.28,0.19,0.03,0.5
459,15790,LEGO Star Wars: The Video Game,PC,2005.0,Action,Eidos Interactive,0.0,0.01,0.0,0.02
460,7401,The Fairly OddParents: Breakin' Da Rules,GC,2003.0,Platform,THQ,0.16,0.04,0.01,0.21
461,1453,SaGa Frontier,PS,1997.0,Role-Playing,SquareSoft,0.15,0.04,0.09,1.35
462,16307,Moto Racer Advance,GBA,2002.0,Racing,Ubisoft,0.01,0.0,0.0,0.01
463,12918,New Prince of Tennis: Go to the Top,3DS,2015.0,Action,FuRyu,0.0,0.0,0.0,0.05
464,15118,Brandish: The Dark Revenant,PSP,2009.0,Role-Playing,Falcom Corporation,0.0,0.0,0.0,0.02
465,13413,Arslan: The Warriors of Legend,PS3,2015.0,Action,Tecmo Koei,0.0,0.0,0.0,0.05
466,15986,Dragon Zakura DS,DS,2007.0,Misc,Electronic Arts,0.0,0.0,0.0,0.01
467,13674,B.L.U.E.: Legend of Water,PS,,Adventure,,0.0,0.0,0.0,0.04
468,5639,Rally Cross,PS,1997.0,Racing,Sony Computer Entertainment,0.18,0.12,0.02,0.32
469,11121,Sniper Elite,XB,2005.0,Shooter,Ubisoft,0.07,0.02,0.0,0.09
470,9096,Hitman: Blood Money,XB,2006.0,Action,Eidos Interactive,0.11,0.03,0.01,0.14
471,11723,Scooby-Doo! Unmasked,XB,2005.0,Platform,THQ,0.06,0.02,0.0,0.08
472,6545,The Testament of Sherlock Holmes,PS3,2012.0,Adventure,Focus Home Interactive,0.05,0.15,0.06,0.26
473,11333,Get Fit with Mel B,X360,,Sports,Black Bean Games,0.0,0.07,0.01,0.08
474,11556,Boxing Fever,GBA,2001.0,Sports,THQ,0.06,0.02,0.0,0.08
475,3843,NBA Live 09,PS3,2008.0,Sports,Electronic Arts,0.46,0.0,0.04,0.52
476,10154,Super Run For Money Tousouchuu Atsumare! Saikyou no Tousou Monotachi,3DS,2015.0,Action,Namco Bandai Games,0.0,0.0,0.0,0.11
477,16079,Fab 5 Soccer,DS,2008.0,Sports,Destineer,0.01,0.0,0.0,0.01
478,2864,Dragon Quest Heroes: The World's Tree Woe and the Blight Below,PS4,2015.0,Action,Square Enix,0.16,0.13,0.06,0.71
479,13105,LEGO The Hobbit,PC,2014.0,Action,Warner Bros. Interactive Entertainment,0.0,0.04,0.01,0.05
480,9481,Sin and Punishment,N64,2000.0,Shooter,Nintendo,0.0,0.0,0.0,0.13
481,16165,Tiger Woods PGA Tour 2005,PC,2004.0,Sports,Electronic Arts,0.0,0.01,0.0,0.01
482,8004,Pure Futbol,X360,2010.0,Sports,Ubisoft,0.08,0.09,0.02,0.18
483,14339,Dragon's Dogma Online,PS3,2015.0,Role-Playing,Capcom,0.0,0.0,0.0,0.03
484,6090,Romance of the Three Kingdoms III: Dragon of Destiny,SNES,1992.0,Strategy,Tecmo Koei,0.0,0.0,0.0,0.29
485,10056,Growlanser Generations,PS2,2003.0,Role-Playing,Atlus,0.06,0.04,0.01,0.11
486,1680,SolarStriker,GB,1989.0,Shooter,Nintendo,0.4,0.39,0.04,1.2
487,13305,Color Cross,DS,2008.0,Misc,Rising Star Games,0.04,0.0,0.0,0.05
488,5367,Tenchu Z,X360,2006.0,Action,Microsoft Game Studios,0.27,0.02,0.03,0.34
489,8366,Catwoman,PS2,2004.0,Action,Electronic Arts,0.08,0.06,0.02,0.17
490,14961,Kami Naru Kimi to,PSP,2011.0,Adventure,Idea Factory,0.0,0.0,0.0,0.02
491,3906,"SpongeBob SquarePants: Lights, Camera, Pants!",GBA,2005.0,Misc,THQ,0.37,0.14,0.01,0.51
492,15416,Gakuen K: Wonderful School Days,PSP,2014.0,Adventure,Idea Factory,0.0,0.0,0.0,0.02
493,4999,Get Fit with Mel B,PS3,2010.0,Sports,Black Bean Games,0.15,0.17,0.07,0.38
494,4232,Destroy All Humans!,XB,2005.0,Shooter,THQ,0.34,0.11,0.02,0.46
495,14009,Napoleon Dynamite: The Game,PSP,2007.0,Puzzle,Crave Entertainment,0.03,0.0,0.0,0.04
496,8527,Dancing With The Stars,PS2,2007.0,Misc,Activision,0.08,0.06,0.02,0.16
497,9421,Tomb Raider: Legend,XB,2006.0,Action,Eidos Interactive,0.1,0.03,0.0,0.13
498,9763,Megamind: Ultimate Showdown,X360,2010.0,Action,THQ,0.07,0.04,0.01,0.12
499,12347,Sherlock Holmes: Crimes & Punishments,X360,2014.0,Adventure,Focus Home Interactive,0.03,0.03,0.01,0.06
500,10502,Top Gun: Combat Zones,GBA,2004.0,Simulation,Mastiff,0.07,0.03,0.0,0.1
501,5991,FlatOut: Head On,PSP,2008.0,Racing,Empire Interactive,0.13,0.11,0.06,0.29
502,12752,Gothic 3,PC,2006.0,Role-Playing,JoWood Productions,0.0,0.05,0.01,0.06
503,1260,Madden NFL 2001,PS2,2000.0,Sports,Electronic Arts,1.19,0.07,0.2,1.5
504,560,Skate 3,X360,2010.0,Sports,Electronic Arts,1.46,0.98,0.24,2.68
505,12329,Order Up!!,PS3,2011.0,Action,Funbox Media,0.04,0.01,0.01,0.06
506,11001,Cake Mania: Main Street,DS,2011.0,Simulation,Majesco Entertainment,0.09,0.0,0.01,0.09
507,8023,Siren,PS2,2003.0,Adventure,Sony Computer Entertainment,0.09,0.07,0.02,0.18
508,5867,Looney Tunes: Duck Amuck,DS,2007.0,Action,Warner Bros. Interactive Entertainment,0.28,0.0,0.02,0.3
509,539,inFAMOUS: Second Son,PS4,2014.0,Action,Sony Computer Entertainment,1.27,0.97,0.47,2.78
510,11915,Hannspree Ten Kate Honda: SBK Superbike World Championship,PS2,2007.0,Racing,Black Bean Games,0.03,0.03,0.01,0.07
511,12203,Monster Tale,DS,2011.0,Platform,Majesco Entertainment,0.06,0.0,0.0,0.07
512,12776,ESPN International Winter Sports 2002,PS2,2002.0,Sports,Konami Digital Entertainment,0.03,0.02,0.01,0.06
513,8188,Star Wars: Battlefront II,PC,2005.0,Shooter,LucasArts,0.02,0.13,0.03,0.18
514,12158,Pipe Mania,PSP,2008.0,Puzzle,Empire Interactive,0.06,0.0,0.01,0.07
515,13153,Need for Speed Carbon,PC,2006.0,Racing,Electronic Arts,0.0,0.04,0.01,0.05
516,7500,The King of Fighters '95,NG,1995.0,Fighting,SNK,0.0,0.0,0.0,0.2
517,11947,Loons: The Fight For Fame,XB,2002.0,Action,Atari,0.05,0.02,0.0,0.07
518,8617,Rondo of Swords (US sales),DS,2007.0,Role-Playing,Success,0.16,0.0,0.0,0.16
519,1243,Madden NFL 15,XOne,2014.0,Sports,Electronic Arts,1.3,0.09,0.12,1.51
520,15878,Turbo: Super Stunt Squad,3DS,2013.0,Sports,D3Publisher,0.0,0.01,0.0,0.02
521,3530,Naruto: Ultimate Ninja 2,PS2,2004.0,Fighting,Namco Bandai Games,0.47,0.02,0.08,0.57
522,13733,MLB 2K12 / NBA 2K12 Combo Pack,X360,2012.0,Sports,Take-Two Interactive,0.04,0.0,0.0,0.04
523,11712,Pinball Hall of Fame: The Gottlieb Collection,XB,2004.0,Misc,Crave Entertainment,0.06,0.02,0.0,0.08
524,2210,MVP Baseball 2005,XB,2005.0,Sports,Electronic Arts,0.7,0.2,0.03,0.94
525,15209,The Lord of the Rings: The Battle for Middle-Earth II,PC,2006.0,Strategy,Electronic Arts,0.01,0.01,0.0,0.02
526,7782,Space Invaders Extreme 2,DS,2009.0,Shooter,Square Enix,0.17,0.01,0.01,0.19
527,12198,SBK 2011: FIM Superbike World Championship,X360,2011.0,Racing,Black Bean Games,0.0,0.06,0.01,0.07
528,12535,Pheasants Forever Wingshooter,Wii,2010.0,Shooter,Unknown,0.03,0.02,0.0,0.06
529,2131,de Blob,Wii,2008.0,Platform,THQ,0.5,0.37,0.1,0.97
530,4899,Naruto: Clash of Ninja Revolution 2,Wii,2008.0,Fighting,Tomy Corporation,0.34,0.02,0.03,0.39
531,15983,Turok,PC,2008.0,Action,Touchstone,0.0,0.01,0.0,0.01
532,7849,2002 FIFA World Cup,XB,2002.0,Sports,Electronic Arts,0.14,0.04,0.01,0.19
533,15111,Ookami to Koushinryou: Omiowataru Kaze,DS,2009.0,Adventure,ASCII Media Works,0.0,0.0,0.0,0.02
534,12172,X-Men: The Official Game,GBA,2006.0,Action,Activision,0.05,0.02,0.0,0.07
535,15098,Kawasaki Jet Ski,Wii,2008.0,Racing,Metro 3D,0.02,0.0,0.0,0.02
536,9151,Scene It? Bright Lights! Big Screen!,Wii,2009.0,Misc,Warner Bros. Interactive Entertainment,0.13,0.0,0.01,0.14
537,14107,Alienators: Evolution Continues,GBA,2001.0,Action,Activision,0.03,0.01,0.0,0.03
538,10284,Ty the Tasmanian Tiger 2: Bush Rescue,XB,2004.0,Platform,Electronic Arts,0.08,0.02,0.0,0.11
539,13857,Pajama Sam: You are What You Eat From Your Head to Your Feet,PS,2001.0,Adventure,Infogrames,0.02,0.01,0.0,0.04
540,9787,Cel Damage,XB,2001.0,Racing,Electronic Arts,0.09,0.03,0.0,0.12
541,1290,Mario Golf,N64,1999.0,Action,Nintendo,0.62,0.18,0.02,1.47
542,12814,Amazing Island,GC,2004.0,Strategy,Sega,0.04,0.01,0.0,0.06
543,2722,Dark Souls II,X360,2014.0,Role-Playing,Namco Bandai Games,0.48,0.2,0.06,0.76
544,13701,Gitaroo Man Lives!,PSP,2006.0,Misc,Tecmo Koei,0.03,0.0,0.0,0.04
545,10844,Raven Squad: Operation Hidden Dagger,X360,2009.0,Shooter,Evolved Games,0.08,0.01,0.01,0.09
546,9127,Project V6,PS,1998.0,Strategy,General Entertainment,0.0,0.0,0.01,0.14
547,4378,Hot Wheels: Stunt Track Challenge,GBA,2004.0,Racing,THQ,0.32,0.12,0.01,0.45
548,5776,Jampack Volume 12,PS2,2005.0,Misc,Sony Computer Entertainment,0.15,0.12,0.04,0.31
549,662,Bloodborne,PS4,2015.0,Action,Sony Computer Entertainment,1.0,0.76,0.36,2.38
550,7811,IHRA Professional Drag Racing 2005,PS2,2004.0,Racing,Bethesda Softworks,0.09,0.07,0.02,0.19
551,2032,Shrek 2,GC,2004.0,Platform,Activision,0.73,0.26,0.03,1.02
552,9577,Spartan: Total Warrior,XB,2005.0,Action,Sega,0.1,0.03,0.0,0.13
